prop_ids,urls,cities,lines,postal_codes,counties,lats,lons,prices,baths_fulls,bedrooms,building_sizes,lot_sizes
M7927081518,https://www.realtor.com/realestateandhomes-detail/79-Cretin-Ave-N_Saint-Paul_MN_55104_M79270-81518,Saint Paul,79 Cretin Ave N,55104,Ramsey,44.944009,-93.192846,600000,2,4,3143,14375
M8412373846,https://www.realtor.com/realestateandhomes-detail/1716-Tyler-St-NE_Minneapolis_MN_55413_M84123-73846,Minneapolis,1716 Tyler St NE,55413,Hennepin,45.005543,-93.246466,475000,3,5,2448,8276
M7324092858,https://www.realtor.com/realestateandhomes-detail/2094-Quartz-Ln_Eagan_MN_55122_M73240-92858,Eagan,2094 Quartz Ln,55122,Dakota,44.800149,-93.214939,324900,2,4,1620,9017
M8405448159,https://www.realtor.com/realestateandhomes-detail/3628-Regent-Ave-N_Robbinsdale_MN_55422_M84054-48159,Robbinsdale,3628 Regent Ave N,55422,Hennepin,45.021414,-93.343719,314999,2,4,2255,5227
M8627783588,https://www.realtor.com/realestateandhomes-detail/2732-Joppa-Ave-S_St-Louis-Park_MN_55416_M86277-83588,Saint Louis Park,2732 Joppa Ave S,55416,Hennepin,44.953099,-93.334462,649900,3,3,2571,6098
M7672085349,https://www.realtor.com/realestateandhomes-detail/3321-20th-Ave-S_Minneapolis_MN_55407_M76720-85349,Minneapolis,3321 20th Ave S,55407,Hennepin,44.942098,-93.243236,339000,2,4,1762,6098
M8829509730,https://www.realtor.com/realestateandhomes-detail/5816-Ashcroft-Ave_Edina_MN_55424_M88295-09730,Edina,5816 Ashcroft Ave,55424,Hennepin,44.897395,-93.343353,425000,2,2,1988,6970
M8418438748,https://www.realtor.com/realestateandhomes-detail/4749-Clear-Spring-Rd_Minnetonka_MN_55345_M84184-38748,Minnetonka,4749 Clear Spring Rd,55345,Hennepin,44.916854,-93.49191,479900,4,4,2686,22651
M8761474897,https://www.realtor.com/realestateandhomes-detail/7100-Glenwood-Ave_Golden-Valley_MN_55427_M87614-74897,Golden Valley,7100 Glenwood Ave,55427,Hennepin,44.9838,-93.370209,349900,2,4,1871,18731
M7380359173,https://www.realtor.com/realestateandhomes-detail/1880-Berkeley-Ave_Saint-Paul_MN_55105_M73803-59173,Saint Paul,1880 Berkeley Ave,55105,Ramsey,44.933138,-93.180053,339900,2,3,,5097
M8713023394,https://www.realtor.com/realestateandhomes-detail/2182-Maple-Ln-E_Maplewood_MN_55109_M87130-23394,Maplewood,2182 Maple Ln E,55109,Ramsey,45.028738,-93.008369,319900,,4,1949,10019
M8992476325,https://www.realtor.com/realestateandhomes-detail/5710-Nicollet-Ave_Minneapolis_MN_55419_M89924-76325,Minneapolis,5710-5712 Nicollet Ave,55419,Hennepin,44.899123,-93.278471,369900,2,3,2213,6098
M8851218287,https://www.realtor.com/realestateandhomes-detail/4953-Columbus-Ave_Minneapolis_MN_55417_M88512-18287,Minneapolis,4953 Columbus Ave,55417,Hennepin,44.912745,-93.263588,499995,2,3,2168,5227
M8114391518,https://www.realtor.com/realestateandhomes-detail/1282-Dayton-Ave_Saint-Paul_MN_55104_M81143-91518,Saint Paul,1282 Dayton Ave,55104,Ramsey,44.947215,-93.154499,550000,2,4,3049,7144
M7833566044,https://www.realtor.com/realestateandhomes-detail/6044-Washburn-Ave-S_Minneapolis_MN_55410_M78335-66044,Minneapolis,6044 Washburn Ave S,55410,Hennepin,44.89274,-93.317919,389900,3,4,,6534
M7836124799,https://www.realtor.com/realestateandhomes-detail/2612-W-88th-St_Minneapolis_MN_55431_M78361-24799,Bloomington,2612 W 88th St,55431,Hennepin,44.844641,-93.313271,339000,2,3,1718,14810
M7134544273,https://www.realtor.com/realestateandhomes-detail/4900-Dona-Ln_Golden-Valley_MN_55422_M71345-44273,Golden Valley,4900 Dona Ln,55422,Hennepin,45.008331,-93.341484,399900,2,4,1720,11761
M7704229440,https://www.realtor.com/realestateandhomes-detail/4817-Folwell-Dr_Minneapolis_MN_55406_M77042-29440,Minneapolis,4817 Folwell Dr,55406,Hennepin,44.930479,-93.2039,569900,3,5,2450,6098
M7023131700,https://www.realtor.com/realestateandhomes-detail/1277-Minnehaha-Ave-W_Saint-Paul_MN_55104_M70231-31700,Saint Paul,1277 Minnehaha Ave W,55104,Ramsey,44.963226,-93.154085,400000,,3,2011,5663
M8967006536,https://www.realtor.com/realestateandhomes-detail/3373-Texas-Ave-S_St-Louis-Park_MN_55426_M89670-06536,Saint Louis Park,3373 Texas Ave S,55426,Hennepin,44.942685,-93.3805,350000,2,3,1575,6970
M8037120326,https://www.realtor.com/realestateandhomes-detail/5124-Luverne-Ave_Minneapolis_MN_55419_M80371-20326,Minneapolis,5124 Luverne Ave,55419,Hennepin,44.909862,-93.269399,530000,2,4,2303,5663
M7165175655,https://www.realtor.com/realestateandhomes-detail/5125-43rd-Ave-S_Minneapolis_MN_55417_M71651-75655,Minneapolis,5125 43rd Ave S,55417,Hennepin,44.909847,-93.211012,325000,2,2,1144,6534
M8935601496,https://www.realtor.com/realestateandhomes-detail/1704-Oakwood-Dr_Shoreview_MN_55126_M89356-01496,Shoreview,1704 Oakwood Dr,55126,Ramsey,45.110196,-93.173516,300000,2,3,2062,10019
M8950849045,https://www.realtor.com/realestateandhomes-detail/2016-W-90th-St_Bloomington_MN_55431_M89508-49045,Bloomington,2016 W 90th St,55431,Hennepin,44.840963,-93.304869,349900,2,4,1638,12632
M8310539324,https://www.realtor.com/realestateandhomes-detail/3716-Columbus-Ave_Minneapolis_MN_55407_M83105-39324,Minneapolis,3716 Columbus Ave,55407,Hennepin,44.93531,-93.264111,339900,2,3,1553,4356
M8772269945,https://www.realtor.com/realestateandhomes-detail/6525-Polar-Cir_Edina_MN_55436_M87722-69945,Edina,6525 Polar Cir,55436,Hennepin,44.89343,-93.388857,725000,3,5,2871,12632
M7228194626,https://www.realtor.com/realestateandhomes-detail/250-Park-Ave-Unit-315_Minneapolis_MN_55415_M72281-94626,Minneapolis,250 Park Ave Unit 315,55415,Hennepin,44.977175,-93.259623,459000,2,2,1400,27704
M8503110118,https://www.realtor.com/realestateandhomes-detail/2337-Nottingham-Ct_Minnetonka_MN_55305_M85031-10118,Minnetonka,2337 Nottingham Ct,55305,Hennepin,44.959112,-93.423267,650000,2,3,2345,28750
M7295498325,https://www.realtor.com/realestateandhomes-detail/1777-Lincoln-Ave_Saint-Paul_MN_55105_M72954-98325,Saint Paul,1777 Lincoln Ave,55105,Ramsey,44.939314,-93.175447,675000,3,4,2344,6403
M8098273035,https://www.realtor.com/realestateandhomes-detail/8451-Chicago-Ave-S_Bloomington_MN_55420_M80982-73035,Bloomington,8451 Chicago Ave S,55420,Hennepin,44.849773,-93.262784,330000,2,,1402,10019
M7168331888,https://www.realtor.com/realestateandhomes-detail/5704-44th-Ave-S_Minneapolis_MN_55417_M71683-31888,Minneapolis,5704 44th Ave S,55417,Hennepin,44.899702,-93.210566,335000,3,3,1535,5227
M7484810535,https://www.realtor.com/realestateandhomes-detail/4457-18th-Ave-S_Minneapolis_MN_55407_M74848-10535,Minneapolis,4457 18th Ave S,55407,Hennepin,44.921716,-93.248231,475000,,3,2488,10019
M7313868508,https://www.realtor.com/realestateandhomes-detail/17491-Kilmer-Ave_Eden-Prairie_MN_55346_M73138-68508,Eden Prairie,17491 Kilmer Ave,55346,Hennepin,44.864606,-93.499287,520000,4,4,2900,22216
M8455653423,https://www.realtor.com/realestateandhomes-detail/7501-Pillsbury-Ave-S_Richfield_MN_55423_M84556-53423,Richfield,7501 Pillsbury Ave S,55423,Hennepin,44.867116,-93.281675,375000,2,3,1640,10019
M7561612494,https://www.realtor.com/realestateandhomes-detail/2816-Maryland-Ave-S_St-Louis-Park_MN_55426_M75616-12494,Saint Louis Park,2816 Maryland Ave S,55426,Hennepin,44.952273,-93.3725,424900,2,3,1776,7841
M8401218031,https://www.realtor.com/realestateandhomes-detail/84-Malcolm-Ave-SE_Minneapolis_MN_55414_M84012-18031,Minneapolis,84 Malcolm Ave SE,55414,Hennepin,44.968738,-93.215269,525000,3,3,2300,3920
M8600181600,https://www.realtor.com/realestateandhomes-detail/440-Betty-Ln_Saint-Paul_MN_55118_M86001-81600,West Saint Paul,440 Betty Ln,55118,Dakota,44.900357,-93.10354,370000,3,3,2108,12153
M8438027151,https://www.realtor.com/realestateandhomes-detail/1843-Highland-Pkwy_Saint-Paul_MN_55116_M84380-27151,Saint Paul,1843 Highland Pkwy,55116,Ramsey,44.920054,-93.178291,565000,,3,2645,5184
M8079777052,https://www.realtor.com/realestateandhomes-detail/6420-Knox-Ave-S_Richfield_MN_55423_M80797-77052,Richfield,6420 Knox Ave S,55423,Hennepin,44.886272,-93.302657,369900,2,,1942,8276
M8293726606,https://www.realtor.com/realestateandhomes-detail/2065-68th-St-E_Inver-Grove-Heights_MN_55077_M82937-26606,Inver Grove Heights,2065 68th St E,55077,Dakota,44.851767,-93.06386,339900,2,4,2092,18513
M7426634211,https://www.realtor.com/realestateandhomes-detail/14801-Hillside-Ln_Burnsville_MN_55306_M74266-34211,Burnsville,14801 Hillside Ln,55306,Dakota,44.735185,-93.295971,349000,2,3,2008,21867
M8403141339,https://www.realtor.com/realestateandhomes-detail/5912-Columbus-Ave_Minneapolis_MN_55417_M84031-41339,Minneapolis,5912 Columbus Ave,55417,Hennepin,44.895542,-93.264433,424900,2,3,2123,6970
M7426566313,https://www.realtor.com/realestateandhomes-detail/2236-Princeton-Ave_Saint-Paul_MN_55105_M74265-66313,Saint Paul,2236 Princeton Ave,55105,Ramsey,44.93586,-93.195058,649000,4,4,2221,6098
M7004090730,https://www.realtor.com/realestateandhomes-detail/5044-Bloomington-Ave_Minneapolis_MN_55417_M70040-90730,Minneapolis,5044 5046 Bloomington Ave S,55417,Hennepin,44.911134,-93.252819,449900,2,4,1980,4792
M7010922473,https://www.realtor.com/realestateandhomes-detail/6819-W-23rd-St_St-Louis-Park_MN_55426_M70109-22473,Saint Louis Park,6819 W 23rd St,55426,Hennepin,44.959149,-93.366654,409000,2,3,1705,13068
M8308057546,https://www.realtor.com/realestateandhomes-detail/5528-W-70th-St_Edina_MN_55439_M83080-57546,Edina,5528 W 70th St,55439,Hennepin,44.876769,-93.365518,725000,,4,3236,19602
M8308659396,https://www.realtor.com/realestateandhomes-detail/7420-4th-Ave-S_Richfield_MN_55423_M83086-59396,Richfield,7420 4th Ave S,55423,Hennepin,44.868282,-93.271002,310000,2,3,1501,8276
M7479851016,https://www.realtor.com/realestateandhomes-detail/4121-Xerxes-Ave-S_Minneapolis_MN_55410_M74798-51016,Minneapolis,4121 Xerxes Ave S,55410,Hennepin,44.927968,-93.31843,895000,4,4,2556,9583
M7700347820,https://www.realtor.com/realestateandhomes-detail/515-Cretin-Ave-S_Saint-Paul_MN_55116_M77003-47820,Saint Paul,515 Cretin Ave S,55116,Ramsey,44.926046,-93.19282,439900,2,3,1968,5793
M7271238196,https://www.realtor.com/realestateandhomes-detail/1818-Goodrich-Ave_Saint-Paul_MN_55105_M72712-38196,Saint Paul,1818 Goodrich Ave,55105,Ramsey,44.937633,-93.176849,735000,2,4,3004,6186
M7394546645,https://www.realtor.com/realestateandhomes-detail/1880-Montreal-Ave_Saint-Paul_MN_55116_M73945-46645,Saint Paul,1880 Montreal Ave,55116,Ramsey,44.91224,-93.180009,359900,2,3,1973,6229
M7482967354,https://www.realtor.com/realestateandhomes-detail/11-Hillside-Ct_Saint-Paul_MN_55108_M74829-67354,Saint Paul,11 Hillside Ct,55108,Ramsey,44.977619,-93.200975,395000,3,4,1760,7841
M8163219532,https://www.realtor.com/realestateandhomes-detail/3100-Rankin-Rd_Minneapolis_MN_55418_M81632-19532,Minneapolis,3100 Rankin Rd,55418,Hennepin,45.024441,-93.213208,379000,2,3,1675,9583
M7983341719,https://www.realtor.com/realestateandhomes-detail/759-Creek-Ave_Mendota-Heights_MN_55120_M79833-41719,Mendota Heights,759 Creek Ave,55120,Dakota,44.87983,-93.123704,339000,2,4,1232,14985
M8605189574,https://www.realtor.com/realestateandhomes-detail/640-6th-Ave-S_Hopkins_MN_55343_M86051-89574,Hopkins,640 6th Ave S,55343,Hennepin,44.913734,-93.408087,350000,2,4,1770,7841
M8616795730,https://www.realtor.com/realestateandhomes-detail/3517-Ensign-Ave-N_New-Hope_MN_55427_M86167-95730,New Hope,3517 Ensign Ave N,55427,Hennepin,45.020793,-93.394514,360000,2,3,2268,10454
M7291746357,https://www.realtor.com/realestateandhomes-detail/505-W-70th-St_Richfield_MN_55423_M72917-46357,Richfield,505 W 70th St,55423,Hennepin,44.876012,-93.286252,320000,2,4,1673,9148
M7532758505,https://www.realtor.com/realestateandhomes-detail/208-17th-Ave-N_Hopkins_MN_55343_M75327-58505,Hopkins,208 17th Ave N,55343,Hennepin,44.928501,-93.421612,375000,3,3,2000,7841
M7792247041,https://www.realtor.com/realestateandhomes-detail/7229-Oak-Grove-Blvd_Richfield_MN_55423_M77922-47041,Richfield,7229 Oak Grove Blvd,55423,Hennepin,44.871389,-93.292057,440000,2,3,2490,8276
M7389088331,https://www.realtor.com/realestateandhomes-detail/3628-Quebec-Ave-S_St-Louis-Park_MN_55426_M73890-88331,Saint Louis Park,3628 Quebec Ave S,55426,Hennepin,44.937602,-93.377328,350000,2,3,1503,9583
M7683707614,https://www.realtor.com/realestateandhomes-detail/981-Montana-Ave-W_Saint-Paul_MN_55117_M76837-07614,Saint Paul,981 Montana Ave W,55117,Ramsey,44.987643,-93.141772,340000,2,4,2084,6403
M8632124108,https://www.realtor.com/realestateandhomes-detail/13590-66th-Pl-N_Maple-Grove_MN_55311_M86321-24108,Maple Grove,13590 66th Pl N,55311,Hennepin,45.076061,-93.452107,359900,2,4,2142,33106
M8712874330,https://www.realtor.com/realestateandhomes-detail/3300-Benjamin-St-NE_Minneapolis_MN_55418_M87128-74330,Minneapolis,3300 Benjamin St NE,55418,Hennepin,45.027857,-93.229801,460000,2,3,2496,6752
M8426179915,https://www.realtor.com/realestateandhomes-detail/5016-Arden-Ave_Minneapolis_MN_55424_M84261-79915,Edina,5016 Arden Ave,55424,Hennepin,44.91101,-93.335043,1199500,3,4,3298,7405
M7593201418,https://www.realtor.com/realestateandhomes-detail/7339-Sheridan-Ave-S_Richfield_MN_55423_M75932-01418,Richfield,7339 Sheridan Ave S,55423,Hennepin,44.869511,-93.312068,340000,2,3,,10019
M8554826319,https://www.realtor.com/realestateandhomes-detail/5720-Echo-Rd_Excelsior_MN_55331_M85548-26319,Excelsior,5720 Echo Rd,55331,Hennepin,44.900076,-93.585251,375000,2,,1893,19166
M7346293547,https://www.realtor.com/realestateandhomes-detail/741-Timber-Ln_Shoreview_MN_55126_M73462-93547,Shoreview,741 Timber Ln,55126,Ramsey,45.039914,-93.13138,695000,,4,2365,42253
M8204922568,https://www.realtor.com/realestateandhomes-detail/7620-12th-Ave-S_Richfield_MN_55423_M82049-22568,Richfield,7620 12th Ave S,55423,Hennepin,44.864722,-93.258377,325000,2,3,1556,10019
M7726496620,https://www.realtor.com/realestateandhomes-detail/3236-Lyndale-Ave-S_Minneapolis_MN_55408_M77264-96620,Minneapolis,3236 Lyndale Ave S,55408,Hennepin,44.943517,-93.288577,486000,2,3,2200,5227
M8278160111,https://www.realtor.com/realestateandhomes-detail/49-Jackson-Ave-S_Hopkins_MN_55343_M82781-60111,Hopkins,49 Jackson Ave S,55343,Hennepin,44.922871,-93.394342,365000,2,3,1960,5663
M8447433577,https://www.realtor.com/realestateandhomes-detail/4176-Topaz-Dr_Eagan_MN_55122_M84474-33577,Eagan,4176 Topaz Dr,55122,Dakota,44.805815,-93.21095,300000,2,3,2071,10019
M7366309210,https://www.realtor.com/realestateandhomes-detail/4944-Woodridge-Rd_Minnetonka_MN_55345_M73663-09210,Minnetonka,4944 Woodridge Rd,55345,Hennepin,44.9132,-93.458048,490000,3,3,2691,22216
M7008096559,https://www.realtor.com/realestateandhomes-detail/4838-Grand-Ave-S_Minneapolis_MN_55419_M70080-96559,Minneapolis,4838 Grand Ave S,55419,Hennepin,44.914588,-93.284803,565000,2,4,2616,7405
M7143820864,https://www.realtor.com/realestateandhomes-detail/2106-Douglynn-Ln_Saint-Paul_MN_55119_M71438-20864,Saint Paul,2106 Douglynn Ln,55119,Ramsey,44.908068,-93.010454,515000,3,4,3327,136778
M8315555002,https://www.realtor.com/realestateandhomes-detail/225-Queen-Ave-S_Minneapolis_MN_55405_M83155-55002,Minneapolis,225 Queen Ave S,55405,Hennepin,44.974568,-93.309269,319900,2,3,2402,5227
M8467211643,https://www.realtor.com/realestateandhomes-detail/4520-Ewing-Ave-S_Minneapolis_MN_55410_M84672-11643,Minneapolis,4520 Ewing Ave S,55410,Hennepin,44.92058,-93.328196,789900,3,4,2610,6534
M8207342225,https://www.realtor.com/realestateandhomes-detail/1134-Karyl-Pl_Roseville_MN_55113_M82073-42225,Saint Paul,1134 Karyl Pl,55113,Ramsey,45.003367,-93.147816,399900,3,3,2652,15246
M8272551846,https://www.realtor.com/realestateandhomes-detail/1277-Hague-Ave_Saint-Paul_MN_55104_M82725-51846,Saint Paul,1277 Hague Ave,55104,Ramsey,44.94607,-93.154039,450000,2,3,2700,6970
M7015802721,https://www.realtor.com/realestateandhomes-detail/10700-Grey-Cloud-Island-Dr-S_St-Paul-Park_MN_55071_M70158-02721,Saint Paul Park,10700 Grey Cloud Island Dr S,55071,Washington,44.796556,-92.98783,564300,3,3,2532,196456
M8536496885,https://www.realtor.com/realestateandhomes-detail/6343-Teton-Ln_Chanhassen_MN_55317_M85364-96885,Chanhassen,6339 Teton Ln,55317,Carver,44.887425,-93.553744,1825000,4,5,6204,57064
M7517060280,https://www.realtor.com/realestateandhomes-detail/1613-Buchanan-St-NE_Minneapolis_MN_55413_M75170-60280,Minneapolis,1613 Buchanan St NE,55413,Hennepin,45.004657,-93.23936,349900,2,4,1768,7500
M7808077026,https://www.realtor.com/realestateandhomes-detail/11305-Raleigh-Ct_Burnsville_MN_55337_M78080-77026,Burnsville,11305 Raleigh Ct,55337,Dakota,44.800113,-93.251303,339900,3,4,2428,16771
M8149444249,https://www.realtor.com/realestateandhomes-detail/20703-Akin-Rd_Farmington_MN_55024_M81494-44249,Farmington,20703 Akin Rd,55024,Dakota,44.649426,-93.159071,395000,3,4,2725,87120
M8957179700,https://www.realtor.com/realestateandhomes-detail/5025-Thomas-Ave-S_Minneapolis_MN_55410_M89571-79700,Minneapolis,5025 Thomas Ave S,55410,Hennepin,44.911608,-93.313412,625000,3,3,,5227
M8734713395,https://www.realtor.com/realestateandhomes-detail/5320-1st-Ave-S_Minneapolis_MN_55419_M87347-13395,Minneapolis,5320 1st Ave S,55419,Hennepin,44.906704,-93.276606,565000,2,3,1836,6970
M7684354617,https://www.realtor.com/realestateandhomes-detail/2721-Kentucky-Ave-S_St-Louis-Park_MN_55426_M76843-54617,Saint Louis Park,2721 Kentucky Ave S,55426,Hennepin,44.954228,-93.369247,415000,2,4,1902,5227
M8788490780,https://www.realtor.com/realestateandhomes-detail/4920-Dale-Dr_Edina_MN_55424_M87884-90780,Edina,4920 Dale Dr,55424,Hennepin,44.912641,-93.347812,1250000,4,5,3658,28314
M8690272276,https://www.realtor.com/realestateandhomes-detail/4849-5th-St-NE_Minneapolis_MN_55421_M86902-72276,Columbia Heights,4849 5th St NE,55421,Anoka,45.056897,-93.259921,320000,2,4,1584,8146
M7606938030,https://www.realtor.com/realestateandhomes-detail/17048-Patricia-Ln_Minnetonka_MN_55345_M76069-38030,Minnetonka,17048 Patricia Ln,55345,Hennepin,44.90754,-93.497809,385000,2,3,1566,22216
M7936393449,https://www.realtor.com/realestateandhomes-detail/1949-Arcade-St_Maplewood_MN_55109_M79363-93449,Maplewood,1949 Arcade St,55109,Ramsey,45.000016,-93.066812,335000,2,3,1903,20909
M8201884247,https://www.realtor.com/realestateandhomes-detail/8011-Long-Lake-Rd_New-Brighton_MN_55112_M82018-84247,Saint Paul,8011 Long Lake Rd,55112,Ramsey,45.113658,-93.208367,449900,2,,2893,37113
M8015367685,https://www.realtor.com/realestateandhomes-detail/2247-3rd-St_White-Bear-Lake_MN_55110_M80153-67685,White Bear Lake,2247 3rd St,55110,Ramsey,45.084618,-93.005718,425000,,3,2020,8233
M7666364429,https://www.realtor.com/realestateandhomes-detail/1778-Ryan-Ave-W_Roseville_MN_55113_M76663-64429,Roseville,1778 Ryan Ave W,55113,Ramsey,45.000257,-93.175202,399900,3,4,2691,23827
M7818489968,https://www.realtor.com/realestateandhomes-detail/4225-18th-Ave-S_Minneapolis_MN_55407_M78184-89968,Minneapolis,4225 18th Ave S,55407,Hennepin,44.926067,-93.248239,629000,3,4,2584,5227
M7320882913,https://www.realtor.com/realestateandhomes-detail/3551-Garfield-Ave_Minneapolis_MN_55408_M73208-82913,Minneapolis,3551 Garfield Ave S,55408,Hennepin,44.937849,-93.286544,525000,2,5,2884,3920
M7286385319,https://www.realtor.com/realestateandhomes-detail/4232-32nd-Ave-S_Minneapolis_MN_55406_M72863-85319,Minneapolis,4232 32nd Ave S,55406,Hennepin,44.925873,-93.226047,337400,2,3,1211,5663
M8925403223,https://www.realtor.com/realestateandhomes-detail/5336-Fremont-Ave-S_Minneapolis_MN_55419_M89254-03223,Minneapolis,5336 Fremont Ave S,55419,Hennepin,44.905534,-93.296288,429900,2,4,2173,6490
M8284753737,https://www.realtor.com/realestateandhomes-detail/4622-Fairhills-Rd-W_Minnetonka_MN_55345_M82847-53737,Minnetonka,4622 Fairhills Rd W,55345,Hennepin,44.918407,-93.481762,599900,3,5,2930,27443
M7274933822,https://www.realtor.com/realestateandhomes-detail/8200-Abbott-Ave-S_Bloomington_MN_55431_M72749-33822,Bloomington,8200 Abbott Ave S,55431,Hennepin,44.854817,-93.323713,379900,2,4,2152,12632
M8242106458,https://www.realtor.com/realestateandhomes-detail/9939-37th-Ave-N_Plymouth_MN_55441_M82421-06458,Plymouth,9939 37th Ave N,55441,Hennepin,45.023407,-93.406901,389900,3,4,2178,11761
M7310482382,https://www.realtor.com/realestateandhomes-detail/107-Wilkin-St_Saint-Paul_MN_55102_M73104-82382,Saint Paul,107 Wilkin St,55102,Ramsey,44.938139,-93.106476,1540000,2,3,1548,4269
M8166109126,https://www.realtor.com/realestateandhomes-detail/4905-Nicollet-Ave_Minneapolis_MN_55419_M81661-09126,Minneapolis,4905 Nicollet Ave,55419,Hennepin,44.913926,-93.277614,445000,2,3,1813,6098
M7733229160,https://www.realtor.com/realestateandhomes-detail/3501-W-28th-St_Minneapolis_MN_55416_M77332-29160,Minneapolis,3501 W 28th St,55416,Hennepin,44.952461,-93.323169,1100000,3,3,3124,6970
M7232747552,https://www.realtor.com/realestateandhomes-detail/6324-James-Ave-S_Richfield_MN_55423_M72327-47552,Richfield,6324 James Ave S,55423,Hennepin,44.887943,-93.301381,365000,2,5,2136,7841
M8603220257,https://www.realtor.com/realestateandhomes-detail/5916-Merold-Dr_Edina_MN_55436_M86032-20257,Edina,5916 Merold Dr,55436,Hennepin,44.899484,-93.375026,725000,4,4,3709,13504
M7219161930,https://www.realtor.com/realestateandhomes-detail/3500-Utah-Ave-S_St-Louis-Park_MN_55426_M72191-61930,Saint Louis Park,3500 Utah Ave S,55426,Hennepin,44.940237,-93.382325,395000,2,3,1625,7405
M7136788973,https://www.realtor.com/realestateandhomes-detail/3136-Hennepin-Ave_Minneapolis_MN_55408_M71367-88973,Minneapolis,3136 Hennepin Ave,55408,Hennepin,44.945285,-93.298688,625000,4,4,2127,5663
M7678784321,https://www.realtor.com/realestateandhomes-detail/6521-Wilryan-Ave_Edina_MN_55439_M76787-84321,Edina,6521 Wilryan Ave,55439,Hennepin,44.884289,-93.352259,500000,3,3,,10019
M8008044148,https://www.realtor.com/realestateandhomes-detail/418-Rice-St_Anoka_MN_55303_M80080-44148,Anoka,418 Rice St,55303,Anoka,45.19427,-93.397207,975000,3,,2593,71438
M7737214844,https://www.realtor.com/realestateandhomes-detail/1708-Blair-Ave_Saint-Paul_MN_55104_M77372-14844,Saint Paul,1708 Blair Ave,55104,Ramsey,44.960824,-93.172585,345000,2,4,2106,4487
M8895350090,https://www.realtor.com/realestateandhomes-detail/6830-Oakley-St-NE_Fridley_MN_55432_M88953-50090,Fridley,6830 Oakley St NE,55432,Anoka,45.090632,-93.245434,359000,,5,2223,22651
M7557768844,https://www.realtor.com/realestateandhomes-detail/28-19th-Ave-N_Hopkins_MN_55343_M75577-68844,Hopkins,28 19th Ave N,55343,Hennepin,44.9255,-93.424474,385000,2,4,2187,5227
M7735686940,https://www.realtor.com/realestateandhomes-detail/435-Fry-St_Saint-Paul_MN_55104_M77356-86940,Saint Paul,435 Fry St,55104,Ramsey,44.954417,-93.169935,715000,4,12,4060,4792
M7733876316,https://www.realtor.com/realestateandhomes-detail/350-Saint-Peter-St-Unit-701_Saint-Paul_MN_55102_M77338-76316,Saint Paul,350 Saint Peter St Unit 701,55102,Ramsey,44.94497,-93.095008,349500,2,2,1374,1307
M7094273088,https://www.realtor.com/realestateandhomes-detail/7821-Babcock-Trl_Inver-Grove-Heights_MN_55077_M70942-73088,Inver Grove Heights,7821 Babcock Trl,55077,Dakota,44.835813,-93.067804,650000,3,3,2836,120531
M7459614387,https://www.realtor.com/realestateandhomes-detail/1545-Fountain-Ln-N_Plymouth_MN_55447_M74596-14387,Plymouth,1545 Fountain Ln N,55447,Hennepin,44.996264,-93.49436,370000,2,3,1092,24394
M7420898221,https://www.realtor.com/realestateandhomes-detail/7026-Stevens-Ave_Richfield_MN_55423_M74208-98221,Richfield,7026 Stevens Ave,55423,Hennepin,44.875304,-93.276009,329900,2,4,1486,10019
M8529025692,https://www.realtor.com/realestateandhomes-detail/6271-Cardinal-Ave_Excelsior_MN_55331_M85290-25692,Excelsior,6271 Cardinal Ave,55331,Carver,44.889991,-93.564946,539000,3,4,2704,16553
M7939404470,https://www.realtor.com/realestateandhomes-detail/1444-Lincolntown-Ave_Saint-Paul_MN_55115_M79394-04470,Mahtomedi,1444 Lincolntown Ave,55115,Washington,45.036922,-92.964449,475000,3,4,2776,32191
M8064823259,https://www.realtor.com/realestateandhomes-detail/2068-3rd-St_White-Bear-Lake_MN_55110_M80648-23259,White Bear Lake,2068 3rd St,55110,Ramsey,45.084025,-93.013627,349900,2,4,2240,11238
M7625729511,https://www.realtor.com/realestateandhomes-detail/8419-Clinton-Ave-S_Bloomington_MN_55420_M76257-29511,Bloomington,8419 Clinton Ave S,55420,Hennepin,44.85065,-93.271677,330000,2,5,1930,11326
M8143384941,https://www.realtor.com/realestateandhomes-detail/7309-5th-Ave-S_Richfield_MN_55423_M81433-84941,Richfield,7309 5th Ave S,55423,Hennepin,44.870441,-93.268993,319900,2,3,1620,9148
M7765342956,https://www.realtor.com/realestateandhomes-detail/4909-38th-Ave-S_Minneapolis_MN_55417_M77653-42956,Minneapolis,4909 38th Ave S,55417,Hennepin,44.91405,-93.217344,524900,2,5,1952,6534
M8220536478,https://www.realtor.com/realestateandhomes-detail/104-Harold-Dr_Burnsville_MN_55337_M82205-36478,Burnsville,104 Harold Dr,55337,Dakota,44.764238,-93.279676,359900,2,3,1910,13068
M8934156348,https://www.realtor.com/realestateandhomes-detail/7327-10th-Ave-S_Richfield_MN_55423_M89341-56348,Richfield,7327 10th Ave S,55423,Hennepin,44.869909,-93.260125,350000,2,4,2006,9975
M7910635162,https://www.realtor.com/realestateandhomes-detail/5625-12th-Ave-S_Minneapolis_MN_55417_M79106-35162,Minneapolis,5625 12th Ave S,55417,Hennepin,44.900626,-93.257312,475000,3,4,2289,6098
M7687193126,https://www.realtor.com/realestateandhomes-detail/4636-Colfax-Ave-S_Minneapolis_MN_55419_M76871-93126,Minneapolis,4636 Colfax Ave S,55419,Hennepin,44.91844,-93.292513,899900,4,5,3664,5227
M8678756917,https://www.realtor.com/realestateandhomes-detail/1582-Fernwood-St_Saint-Paul_MN_55108_M86787-56917,Saint Paul,1582 Fernwood St,55108,Ramsey,44.988948,-93.151031,300000,2,3,1318,7841
M7854777886,https://www.realtor.com/realestateandhomes-detail/739-County-Road-B-E_Saint-Paul_MN_55117_M78547-77886,Maplewood,739 County Road B E,55117,Ramsey,45.007567,-93.069783,389900,2,4,3306,60418
M7935460761,https://www.realtor.com/realestateandhomes-detail/8825-James-Ave-S_Bloomington_MN_55431_M79354-60761,Bloomington,8825 James Ave S,55431,Hennepin,44.843256,-93.300845,335000,2,4,1698,11761
M8670023571,https://www.realtor.com/realestateandhomes-detail/4501-Morris-Ln_Bloomington_MN_55437_M86700-23571,Bloomington,4501 Morris Ln,55437,Hennepin,44.802786,-93.336334,340000,2,3,1656,12197
M7820536966,https://www.realtor.com/realestateandhomes-detail/4056-Alabama-Ave-S_Minneapolis_MN_55416_M78205-36966,Saint Louis Park,4056 Alabama Ave S,55416,Hennepin,44.927337,-93.357059,459900,3,3,2867,8712
M8821440873,https://www.realtor.com/realestateandhomes-detail/237-Reid-Ln_South-St-Paul_MN_55075_M88214-40873,South Saint Paul,237 Reid Ln,55075,Dakota,44.893786,-93.057537,315000,2,3,2176,11892
M8014348390,https://www.realtor.com/realestateandhomes-detail/1901-Sioux-Ct_Burnsville_MN_55337_M80143-48390,Burnsville,1901 Sioux Ct,55337,Dakota,44.803589,-93.247618,325000,2,4,1954,14026
M7308610862,https://www.realtor.com/realestateandhomes-detail/684-Eldridge-Ave-W_Roseville_MN_55113_M73086-10862,Roseville,684 Eldridge Ave W,55113,Ramsey,45.004318,-93.128819,325000,2,4,1750,14331
M7882924006,https://www.realtor.com/realestateandhomes-detail/1404-Maryland-Ave-S_St-Louis-Park_MN_55426_M78829-24006,Saint Louis Park,1404 Maryland Ave S,55426,Hennepin,44.96904,-93.3725,399900,2,4,2288,5663
M7324856367,https://www.realtor.com/realestateandhomes-detail/5556-36th-Ave-S_Minneapolis_MN_55417_M73248-56367,Minneapolis,5556 36th Ave S,55417,Hennepin,44.90189,-93.22074,349900,2,,1868,5227
M8435921549,https://www.realtor.com/realestateandhomes-detail/3571-Pierce-St-NE_Minneapolis_MN_55418_M84359-21549,Minneapolis,3571 Pierce St NE,55418,Hennepin,45.033276,-93.24057,365000,2,3,1810,6142
M8941174940,https://www.realtor.com/realestateandhomes-detail/1825-Lake-Ln_New-Brighton_MN_55112_M89411-74940,Arden Hills,1825 Lake Ln,55112,Ramsey,45.043867,-93.177647,389900,2,3,1517,11935
M7883565841,https://www.realtor.com/realestateandhomes-detail/4425-W-82nd-St-D_Bloomington_MN_55437_M78835-65841,Bloomington,4425 W 82nd St,55437,Hennepin,44.853924,-93.336596,335000,3,3,2205,11326
M7036398376,https://www.realtor.com/realestateandhomes-detail/5500-Upton-Ave-S_Minneapolis_MN_55410_M70363-98376,Minneapolis,5500 Upton Ave S,55410,Hennepin,44.903254,-93.315369,425000,2,3,2084,6098
M8777344930,https://www.realtor.com/realestateandhomes-detail/712-Delaware-Ave_Saint-Paul_MN_55107_M87773-44930,Saint Paul,712 Delaware Ave,55107,Ramsey,44.924451,-93.105513,325000,3,4,2635,6316
M7926404954,https://www.realtor.com/realestateandhomes-detail/6641-Sheridan-Ave-S_Richfield_MN_55423_M79264-04954,Richfield,6641 Sheridan Ave S,55423,Hennepin,44.882023,-93.31207,379000,2,3,2152,6534
M8108432116,https://www.realtor.com/realestateandhomes-detail/2404-31st-Ave-S_Minneapolis_MN_55406_M81084-32116,Minneapolis,2404 31st Ave S,55406,Hennepin,44.958874,-93.227345,575000,3,6,3360,6098
M7851859770,https://www.realtor.com/realestateandhomes-detail/2476-Aglen-St_Roseville_MN_55113_M78518-59770,Roseville,2476 Aglen St,55113,Ramsey,45.015854,-93.142181,429900,2,4,2407,11021
M7622306822,https://www.realtor.com/realestateandhomes-detail/2905-Nevada-Ave-S_St-Louis-Park_MN_55426_M76223-06822,Saint Louis Park,2905 Nevada Ave S,55426,Hennepin,44.950969,-93.372989,360000,2,4,1972,7841
M7803035791,https://www.realtor.com/realestateandhomes-detail/827-Fuller-St-S_Shakopee_MN_55379_M78030-35791,Shakopee,827 Fuller St S,55379,Scott,44.79037,-93.525841,350000,,4,3126,13765
M7657490764,https://www.realtor.com/realestateandhomes-detail/6709-Chicago-Ave_Richfield_MN_55423_M76574-90764,Richfield,6709 Chicago Ave,55423,Hennepin,44.881313,-93.262569,314900,2,3,1853,9583
M7033868144,https://www.realtor.com/realestateandhomes-detail/5524-13th-Ave-S_Minneapolis_MN_55417_M70338-68144,Minneapolis,5524 13th Ave S,55417,Hennepin,44.902461,-93.256725,499900,2,4,2072,6098
M7776793567,https://www.realtor.com/realestateandhomes-detail/5325-Lee-Cir_Excelsior_MN_55331_M77767-93567,Excelsior,5325 Lee Cir,55331,Hennepin,44.9074,-93.602319,545000,3,4,2154,37462
M8558232561,https://www.realtor.com/realestateandhomes-detail/1287-Fairmount-Ave_Saint-Paul_MN_55105_M85582-32561,Saint Paul,1287 Fairmount Ave,55105,Ramsey,44.937133,-93.154627,440000,2,3,1788,6098
M7656365265,https://www.realtor.com/realestateandhomes-detail/2917-Townview-Ave-NE_Minneapolis_MN_55418_M76563-65265,Minneapolis,2917 Townview Ave NE,55418,Hennepin,45.025315,-93.219183,335000,2,3,1766,8712
M8309051835,https://www.realtor.com/realestateandhomes-detail/3954-Xerxes-Ave-N_Minneapolis_MN_55412_M83090-51835,Minneapolis,3954 Xerxes Ave N,55412,Hennepin,45.027478,-93.31824,399899,2,3,2014,4792
M7112812451,https://www.realtor.com/realestateandhomes-detail/3431-Elliot-Ave_Minneapolis_MN_55407_M71128-12451,Minneapolis,3431 Elliot Ave,55407,Hennepin,44.940416,-93.260951,350000,2,6,2031,4792
M7266807921,https://www.realtor.com/realestateandhomes-detail/4651-Garfield-Ave_Minneapolis_MN_55419_M72668-07921,Minneapolis,4651 Garfield Ave,55419,Hennepin,44.918009,-93.286659,425000,2,3,1465,5227
M7095884234,https://www.realtor.com/realestateandhomes-detail/312-W-59th-St_Minneapolis_MN_55419_M70958-84234,Minneapolis,312 W 59th St,55419,Hennepin,44.896533,-93.28395,329900,3,3,2336,6098
M7582432264,https://www.realtor.com/realestateandhomes-detail/5337-29th-Ave-S_Minneapolis_MN_55417_M75824-32264,Minneapolis,5337 29th Ave S,55417,Hennepin,44.906042,-93.230668,375000,2,3,1638,5227
M7980501987,https://www.realtor.com/realestateandhomes-detail/1934-Shryer-Ave-W_Roseville_MN_55113_M79805-01987,Roseville,1934 Shryer Ave W,55113,Ramsey,45.001384,-93.181797,300000,2,3,1660,10062
M7120918053,https://www.realtor.com/realestateandhomes-detail/6141-Sheridan-Ave-S_Minneapolis_MN_55410_M71209-18053,Minneapolis,6141 Sheridan Ave S,55410,Hennepin,44.891151,-93.312113,300000,2,3,1467,5663
M8799819443,https://www.realtor.com/realestateandhomes-detail/1751-Ide-St_Maplewood_MN_55109_M87998-19443,Maplewood,1751 Ide St,55109,Ramsey,44.994201,-93.042235,329900,3,3,2350,10062
M8723976432,https://www.realtor.com/realestateandhomes-detail/510-Quantico-Ln-N_Plymouth_MN_55447_M87239-76432,Plymouth,510 Quantico Ln N,55447,Hennepin,44.984744,-93.474332,449000,2,5,2314,14810
M8932631074,https://www.realtor.com/realestateandhomes-detail/3401-32nd-Ave-S_Minneapolis_MN_55406_M89326-31074,Minneapolis,3401 32nd Ave S,55406,Hennepin,44.941204,-93.225298,339900,2,2,1232,6098
M7368570540,https://www.realtor.com/realestateandhomes-detail/2139-Silver-Bell-Rd_Eagan_MN_55122_M73685-70540,Eagan,2139 Silver Bell Rd,55122,Dakota,44.820054,-93.21724,325000,2,3,1106,22085
M7885778259,https://www.realtor.com/realestateandhomes-detail/2724-Brookridge-Ave_Crystal_MN_55422_M78857-78259,Crystal,2724 Brookridge Ave,55422,Hennepin,45.00781,-93.352333,525000,2,4,2708,22651
M7604008542,https://www.realtor.com/realestateandhomes-detail/4110-Basswood-Rd_St-Louis-Park_MN_55416_M76040-08542,Saint Louis Park,4110 Basswood Rd,55416,Hennepin,44.958672,-93.332473,979900,4,4,3904,17860
M7681029724,https://www.realtor.com/realestateandhomes-detail/6809-45th-Ave-N_Crystal_MN_55428_M76810-29724,Crystal,6809 45th Ave N,55428,Hennepin,45.036148,-93.366792,300000,2,3,1660,8712
M8236714788,https://www.realtor.com/realestateandhomes-detail/2912-32nd-Ave-S_Minneapolis_MN_55406_M82367-14788,Minneapolis,2912 32nd Ave S,55406,Hennepin,44.949601,-93.226069,400000,4,6,2880,6970
M7431637110,https://www.realtor.com/realestateandhomes-detail/3401-46th-Ave-S_Minneapolis_MN_55406_M74316-37110,Minneapolis,3401 46th Ave S,55406,Hennepin,44.941343,-93.207307,434900,3,4,1990,5227
M7099598266,https://www.realtor.com/realestateandhomes-detail/1520-21st-Ave-NW_New-Brighton_MN_55112_M70995-98266,New Brighton,1520 21st Ave NW,55112,Ramsey,45.074197,-93.215321,350000,2,,2808,10411
M8342102874,https://www.realtor.com/realestateandhomes-detail/2936-39th-Ave-S_Minneapolis_MN_55406_M83421-02874,Minneapolis,2936 39th Ave S,55406,Hennepin,44.948956,-93.216921,350000,2,4,1770,5227
M7060092668,https://www.realtor.com/realestateandhomes-detail/2527-Kipling-Ave_Minneapolis_MN_55416_M70600-92668,Saint Louis Park,2527 Kipling Ave,55416,Hennepin,44.956368,-93.334874,595000,3,3,4405,10454
M7267503562,https://www.realtor.com/realestateandhomes-detail/838-24th-Ave-N_South-St-Paul_MN_55075_M72675-03562,South Saint Paul,838 24th Ave N,55075,Dakota,44.904462,-93.063697,339900,2,4,2378,7492
M8424089324,https://www.realtor.com/realestateandhomes-detail/406-Wacouta-St-Unit-704_Saint-Paul_MN_55101_M84240-89324,Saint Paul,406 Wacouta St Unit 704,55101,Ramsey,44.950634,-93.087591,425000,2,2,1263,1307
M7359054427,https://www.realtor.com/realestateandhomes-detail/2370-Valentine-Ave_Saint-Paul_MN_55108_M73590-54427,Saint Paul,2370 Valentine Ave,55108,Ramsey,44.983095,-93.200225,395000,2,3,1580,7492
M8802404794,https://www.realtor.com/realestateandhomes-detail/2325-Taft-St-NE_Minneapolis_MN_55418_M88024-04794,Minneapolis,2325 Taft St NE,55418,Hennepin,45.012467,-93.223858,485000,3,3,2796,7405
M7427329485,https://www.realtor.com/realestateandhomes-detail/200-17th-Ave-N_Hopkins_MN_55343_M74273-29485,Hopkins,200 17th Ave N,55343,Hennepin,44.9282,-93.421622,319000,2,3,1577,5227
M7801702441,https://www.realtor.com/realestateandhomes-detail/2199-Long-Lake-Rd_New-Brighton_MN_55112_M78017-02441,Saint Paul,2199 Long Lake Rd,55112,Ramsey,45.085992,-93.210443,395000,2,3,2014,10280
M7452135305,https://www.realtor.com/realestateandhomes-detail/2078-Quartz-Ln_Eagan_MN_55122_M74521-35305,Eagan,2078 Quartz Ln,55122,Dakota,44.79974,-93.213929,350000,2,3,1650,9932
M7154594573,https://www.realtor.com/realestateandhomes-detail/6016-Penn-Ave-S_Minneapolis_MN_55419_M71545-94573,Minneapolis,6016/6018 Penn Ave S,55419,Hennepin,44.893659,-93.309036,317500,2,4,2056,5532
M8373881276,https://www.realtor.com/realestateandhomes-detail/4318-Zane-Ave-N_Crystal_MN_55422_M83738-81276,Crystal,4318 Zane Ave N,55422,Hennepin,45.034173,-93.354456,335900,2,4,2184,10019
M7709999180,https://www.realtor.com/realestateandhomes-detail/192-Robie-St-W_Saint-Paul_MN_55107_M77099-99180,Saint Paul,192 Robie St W,55107,Ramsey,44.930258,-93.093577,339900,2,5,2813,6534
M7636067402,https://www.realtor.com/realestateandhomes-detail/4808-Normandale-Highlands-Dr_Bloomington_MN_55437_M76360-67402,Bloomington,4808 Normandale Highlands Dr,55437,Hennepin,44.820497,-93.342973,349900,2,3,1897,12197
M8315212088,https://www.realtor.com/realestateandhomes-detail/4-Circle-W_Edina_MN_55436_M83152-12088,Edina,4 Circle W,55436,Hennepin,44.916519,-93.364067,1900000,6,6,8251,31363
M7541768640,https://www.realtor.com/realestateandhomes-detail/7263-Sunnyslope-Dr_Maple-Grove_MN_55311_M75417-68640,Maple Grove,7263 Sunnyslope Dr,55311,Hennepin,45.086845,-93.452066,339900,2,3,1877,13939
M8625364451,https://www.realtor.com/realestateandhomes-detail/10409-Nesbitt-Ave-S_Bloomington_MN_55437_M86253-64451,Bloomington,10409 Nesbitt Ave S,55437,Hennepin,44.814167,-93.357932,425000,2,4,2328,16553
M7493945246,https://www.realtor.com/realestateandhomes-detail/9206-Russell-Ave-S_Bloomington_MN_55431_M74939-45246,Bloomington,9206 Russell Ave S,55431,Hennepin,44.836789,-93.31181,489900,3,4,2587,13939
M8582105173,https://www.realtor.com/realestateandhomes-detail/521-Oak-St_Farmington_MN_55024_M85821-05173,Farmington,521 Oak St,55024,Dakota,44.639488,-93.140461,415000,3,5,3344,15246
M7479451241,https://www.realtor.com/realestateandhomes-detail/315-Natchez-Ave-S_Golden-Valley_MN_55416_M74794-51241,Golden Valley,315 Natchez Ave S,55416,Hennepin,44.975183,-93.338486,775000,3,2,2400,28750
M7037397556,https://www.realtor.com/realestateandhomes-detail/3626-22nd-Ave-S_Minneapolis_MN_55407_M70373-97556,Minneapolis,3626 22nd Ave S,55407,Hennepin,44.936687,-93.241002,415000,3,3,2882,5227
M8569896281,https://www.realtor.com/realestateandhomes-detail/2689-8th-Ave-E_Maplewood_MN_55109_M85698-96281,North Saint Paul,2689 8th Ave E,55109,Ramsey,45.013291,-92.986884,312000,2,3,1702,8364
M7736245929,https://www.realtor.com/realestateandhomes-detail/1594-Thomas-Ave_Saint-Paul_MN_55104_M77362-45929,Saint Paul,1594 Thomas Ave,55104,Ramsey,44.959009,-93.167849,429900,2,4,2688,4792
M8404361119,https://www.realtor.com/realestateandhomes-detail/1719-Marshall-St-NE_Minneapolis_MN_55413_M84043-61119,Minneapolis,1719 Marshall St NE,55413,Hennepin,45.005561,-93.271145,449000,2,7,2112,8276
M7873412967,https://www.realtor.com/realestateandhomes-detail/8743-Penn-Ave-S_Bloomington_MN_55431_M78734-12967,Bloomington,8743 Penn Ave S,55431,Hennepin,44.844532,-93.307953,400000,,6,2594,39204
M7159145543,https://www.realtor.com/realestateandhomes-detail/2821-1st-Ave-S_Minneapolis_MN_55408_M71591-45543,Minneapolis,2821 1st Ave S,55408,Hennepin,44.951161,-93.276254,379000,2,5,2250,3920
M7554555933,https://www.realtor.com/realestateandhomes-detail/5525-Zenith-Ave-S_Minneapolis_MN_55410_M75545-55933,Edina,5525 Zenith Ave S,55410,Hennepin,44.902455,-93.320993,875000,3,3,2400,8276
M8648754867,https://www.realtor.com/realestateandhomes-detail/7914-Lea-Rd_Bloomington_MN_55438_M86487-54867,Bloomington,7914 Lea Rd,55438,Hennepin,44.85921,-93.378421,549900,3,4,2182,18731
M8495826109,https://www.realtor.com/realestateandhomes-detail/3240-5th-Ave-S_Minneapolis_MN_55408_M84958-26109,Minneapolis,3240 5th Ave S,55408,Hennepin,44.943568,-93.269335,699900,3,,2400,5663
M7820115149,https://www.realtor.com/realestateandhomes-detail/8825-Penn-Lake-Cir_Bloomington_MN_55431_M78201-15149,Bloomington,8825 Penn Lake Cir,55431,Hennepin,44.843431,-93.306631,429000,,3,2200,10890
M8145996706,https://www.realtor.com/realestateandhomes-detail/1358-Kohlman-Ave_Maplewood_MN_55109_M81459-96706,Maplewood,1358 Kohlman Ave,55109,Ramsey,45.022212,-93.043225,400000,2,4,2578,23261
M8152976290,https://www.realtor.com/realestateandhomes-detail/916-Chippewa-Ave_Mendota-Heights_MN_55118_M81529-76290,Mendota Heights,916 Chippewa Ave,55118,Dakota,44.9191,-93.106598,449000,3,4,2173,12197